id,age,gender,switch.h2w,switch.w2h,gcos.auto,gcos.cont,gcos.impe,auto.motivation,cont.motivation,triptype,info,familiarity,baseline.choice,baseline.time,choice,time
1,21,Male,Once a week,Once a week,3,2,2,3,1,W2H,C,P,1,4.03,1,5
1,21,Male,Once a week,Once a week,3,2,2,3,1,H2W,V,R,1,3.56,1,60
1,21,Male,Once a week,Once a week,3,2,2,3,1,W2F,V,P,1,15.41,1,25
1,21,Male,Once a week,Once a week,3,2,2,3,1,H2F,B,L,1,15,1,15
1,21,Male,Once a week,Once a week,3,2,2,3,1,W2H,V,P,1,4.03,1,5
1,21,Male,Once a week,Once a week,3,2,2,3,1,H2W,C,R,1,3.56,1,10
1,21,Male,Once a week,Once a week,3,2,2,3,1,W2F,F,P,1,15.41,1,5
1,21,Male,Once a week,Once a week,3,2,2,3,1,H2F,F,R,1,15,2,30
1,21,Male,Once a week,Once a week,3,2,2,3,1,W2H,B,L,1,4.03,1,4.03
1,21,Male,Once a week,Once a week,3,2,2,3,1,H2W,F,R,1,3.56,1,8.72
1,21,Male,Once a week,Once a week,3,2,2,3,1,W2F,C,R,1,15.41,1,10.45
1,21,Male,Once a week,Once a week,3,2,2,3,1,H2F,C,R,1,15,1,9.99
1,21,Male,Once a week,Once a week,3,2,2,3,1,W2H,F,P,1,4.03,1,7.2
1,21,Male,Once a week,Once a week,3,2,2,3,1,H2W,F,P,1,3.56,1,1.47
1,21,Male,Once a week,Once a week,3,2,2,3,1,W2F,C,P,1,15.41,1,4.54
1,21,Male,Once a week,Once a week,3,2,2,3,1,H2F,F,P,1,15,1,7.53
1,21,Male,Once a week,Once a week,3,2,2,3,1,W2H,F,R,1,4.03,1,6.69
1,21,Male,Once a week,Once a week,3,2,2,3,1,H2W,B,L,1,3.56,1,3.56
1,21,Male,Once a week,Once a week,3,2,2,3,1,W2F,B,L,1,15.41,1,15.41
1,21,Male,Once a week,Once a week,3,2,2,3,1,H2F,C,P,1,15,1,2.1
1,21,Male,Once a week,Once a week,3,2,2,3,1,W2H,C,R,1,4.03,1,4.06
1,21,Male,Once a week,Once a week,3,2,2,3,1,H2W,V,P,1,3.56,1,3.11
1,21,Male,Once a week,Once a week,3,2,2,3,1,W2F,F,R,1,15.41,1,2.96
1,21,Male,Once a week,Once a week,3,2,2,3,1,H2F,V,R,1,15,1,3.83
1,21,Male,Once a week,Once a week,3,2,2,3,1,W2H,V,R,1,4.03,1,2.06
1,21,Male,Once a week,Once a week,3,2,2,3,1,H2W,C,P,1,3.56,1,3.51
1,21,Male,Once a week,Once a week,3,2,2,3,1,W2F,V,R,1,15.41,1,5.21
1,21,Male,Once a week,Once a week,3,2,2,3,1,H2F,V,P,1,15,1,3.33
2,29,Female,Never,Once a week,3,2,2,1,1,W2H,V,P,1,11,1,2
2,29,Female,Never,Once a week,3,2,2,1,1,H2W,F,R,1,5,1,10
2,29,Female,Never,Once a week,3,2,2,1,1,W2F,C,P,1,4,2,10
2,29,Female,Never,Once a week,3,2,2,1,1,H2F,F,R,1,5,1,11
2,29,Female,Never,Once a week,3,2,2,1,1,W2H,F,P,1,11,1,16
2,29,Female,Never,Once a week,3,2,2,1,1,H2W,V,R,1,5,1,7
2,29,Female,Never,Once a week,3,2,2,1,1,W2F,F,R,1,4,1,21
2,29,Female,Never,Once a week,3,2,2,1,1,H2F,B,L,1,5,1,5
2,29,Female,Never,Once a week,3,2,2,1,1,W2H,C,P,1,11,1,6
2,29,Female,Never,Once a week,3,2,2,1,1,H2W,B,L,1,5,1,5
2,29,Female,Never,Once a week,3,2,2,1,1,W2F,F,P,1,4,1,11
2,29,Female,Never,Once a week,3,2,2,1,1,H2F,C,P,1,5,1,23
2,29,Female,Never,Once a week,3,2,2,1,1,W2H,C,R,1,11,2,10
2,29,Female,Never,Once a week,3,2,2,1,1,H2W,C,R,1,5,1,7
2,29,Female,Never,Once a week,3,2,2,1,1,W2F,V,P,1,4,1,5
2,29,Female,Never,Once a week,3,2,2,1,1,H2F,C,R,1,5,1,6
2,29,Female,Never,Once a week,3,2,2,1,1,W2H,B,L,1,11,1,11
2,29,Female,Never,Once a week,3,2,2,1,1,H2W,C,P,1,5,1,7
2,29,Female,Never,Once a week,3,2,2,1,1,W2F,V,R,1,4,1,7
2,29,Female,Never,Once a week,3,2,2,1,1,H2F,V,P,1,5,1,10
2,29,Female,Never,Once a week,3,2,2,1,1,W2H,V,R,1,11,2,12
2,29,Female,Never,Once a week,3,2,2,1,1,H2W,F,P,1,5,1,6
2,29,Female,Never,Once a week,3,2,2,1,1,W2F,C,R,1,4,1,10
2,29,Female,Never,Once a week,3,2,2,1,1,H2F,F,P,1,5,1,6
2,29,Female,Never,Once a week,3,2,2,1,1,W2H,F,R,1,11,1,5
2,29,Female,Never,Once a week,3,2,2,1,1,H2W,V,P,1,5,1,6
2,29,Female,Never,Once a week,3,2,2,1,1,W2F,B,L,1,4,1,4
2,29,Female,Never,Once a week,3,2,2,1,1,H2F,V,R,1,5,1,6
3,38,Female,Twice a week or more,Once a week,2,2,1,1,1,W2H,F,P,1,10,2,60
3,38,Female,Twice a week or more,Once a week,2,2,1,1,1,H2W,B,L,1,30,1,30
3,38,Female,Twice a week or more,Once a week,2,2,1,1,1,W2F,B,L,1,30,1,30
3,38,Female,Twice a week or more,Once a week,2,2,1,1,1,H2F,V,R,1,10,1,30
3,38,Female,Twice a week or more,Once a week,2,2,1,1,1,W2H,C,R,1,10,1,20
3,38,Female,Twice a week or more,Once a week,2,2,1,1,1,H2W,F,R,1,30,1,20
3,38,Female,Twice a week or more,Once a week,2,2,1,1,1,W2F,C,P,1,30,1,20
3,38,Female,Twice a week or more,Once a week,2,2,1,1,1,H2F,C,P,1,10,1,20
3,38,Female,Twice a week or more,Once a week,2,2,1,1,1,W2H,V,P,1,10,1,15
3,38,Female,Twice a week or more,Once a week,2,2,1,1,1,H2W,C,P,1,30,1,15
3,38,Female,Twice a week or more,Once a week,2,2,1,1,1,W2F,F,R,1,30,1,15
3,38,Female,Twice a week or more,Once a week,2,2,1,1,1,H2F,F,R,1,10,1,15
3,38,Female,Twice a week or more,Once a week,2,2,1,1,1,W2H,V,R,1,10,1,20
3,38,Female,Twice a week or more,Once a week,2,2,1,1,1,H2W,V,R,1,30,1,15
3,38,Female,Twice a week or more,Once a week,2,2,1,1,1,W2F,C,R,1,30,2,15
3,38,Female,Twice a week or more,Once a week,2,2,1,1,1,H2F,V,P,1,10,1,15
3,38,Female,Twice a week or more,Once a week,2,2,1,1,1,W2H,C,P,1,10,1,15
3,38,Female,Twice a week or more,Once a week,2,2,1,1,1,H2W,V,P,1,30,1,10
3,38,Female,Twice a week or more,Once a week,2,2,1,1,1,W2F,V,P,1,30,1,10
3,38,Female,Twice a week or more,Once a week,2,2,1,1,1,H2F,F,P,1,10,1,10
3,38,Female,Twice a week or more,Once a week,2,2,1,1,1,W2H,F,R,1,10,1,10
3,38,Female,Twice a week or more,Once a week,2,2,1,1,1,H2W,C,R,1,30,1,10
3,38,Female,Twice a week or more,Once a week,2,2,1,1,1,W2F,V,R,1,30,1,10
3,38,Female,Twice a week or more,Once a week,2,2,1,1,1,H2F,B,L,1,10,1,10
3,38,Female,Twice a week or more,Once a week,2,2,1,1,1,W2H,B,L,1,10,1,10
3,38,Female,Twice a week or more,Once a week,2,2,1,1,1,H2W,F,P,1,30,1,10
3,38,Female,Twice a week or more,Once a week,2,2,1,1,1,W2F,F,P,1,30,1,5
3,38,Female,Twice a week or more,Once a week,2,2,1,1,1,H2F,C,R,1,10,1,10
4,52,Male,Once a week,Twice a week or more,2,2,2,3,3,W2H,C,R,1,13,1,23
4,52,Male,Once a week,Twice a week or more,2,2,2,3,3,H2W,C,P,1,15,1,20
4,52,Male,Once a week,Twice a week or more,2,2,2,3,3,W2F,F,P,1,7,1,45
4,52,Male,Once a week,Twice a week or more,2,2,2,3,3,H2F,C,R,1,5,1,25
4,52,Male,Once a week,Twice a week or more,2,2,2,3,3,W2H,V,R,1,13,1,29
4,52,Male,Once a week,Twice a week or more,2,2,2,3,3,H2W,B,L,1,15,1,15
4,52,Male,Once a week,Twice a week or more,2,2,2,3,3,W2F,V,P,1,7,2,26
4,52,Male,Once a week,Twice a week or more,2,2,2,3,3,H2F,F,P,1,5,1,15
4,52,Male,Once a week,Twice a week or more,2,2,2,3,3,W2H,F,P,1,13,2,15
4,52,Male,Once a week,Twice a week or more,2,2,2,3,3,H2W,V,P,1,15,1,18
4,52,Male,Once a week,Twice a week or more,2,2,2,3,3,W2F,C,P,1,7,1,14
4,52,Male,Once a week,Twice a week or more,2,2,2,3,3,H2F,V,P,1,5,1,13
4,52,Male,Once a week,Twice a week or more,2,2,2,3,3,W2H,F,R,1,13,2,25
4,52,Male,Once a week,Twice a week or more,2,2,2,3,3,H2W,F,R,1,15,1,13
4,52,Male,Once a week,Twice a week or more,2,2,2,3,3,W2F,V,R,1,7,1,30
4,52,Male,Once a week,Twice a week or more,2,2,2,3,3,H2F,V,R,1,5,1,11
4,52,Male,Once a week,Twice a week or more,2,2,2,3,3,W2H,V,P,1,13,1,27
4,52,Male,Once a week,Twice a week or more,2,2,2,3,3,H2W,F,P,1,15,1,21
4,52,Male,Once a week,Twice a week or more,2,2,2,3,3,W2F,C,R,1,7,1,17
4,52,Male,Once a week,Twice a week or more,2,2,2,3,3,H2F,F,R,1,5,1,9
4,52,Male,Once a week,Twice a week or more,2,2,2,3,3,W2H,B,L,1,13,1,13
4,52,Male,Once a week,Twice a week or more,2,2,2,3,3,H2W,V,R,1,15,1,14
4,52,Male,Once a week,Twice a week or more,2,2,2,3,3,W2F,B,L,1,7,1,7
4,52,Male,Once a week,Twice a week or more,2,2,2,3,3,H2F,C,P,1,5,1,7
4,52,Male,Once a week,Twice a week or more,2,2,2,3,3,W2H,C,P,1,13,1,12
4,52,Male,Once a week,Twice a week or more,2,2,2,3,3,H2W,C,R,1,15,1,12
4,52,Male,Once a week,Twice a week or more,2,2,2,3,3,W2F,F,R,1,7,1,11
4,52,Male,Once a week,Twice a week or more,2,2,2,3,3,H2F,B,L,1,5,1,5
5,21,Male,Twice a week or more,Twice a week or more,3,2,2,3,3,W2H,V,R,1,6,1,60
5,21,Male,Twice a week or more,Twice a week or more,3,2,2,3,3,H2W,V,P,1,4,1,15
5,21,Male,Twice a week or more,Twice a week or more,3,2,2,3,3,W2F,C,R,1,2,1,60
5,21,Male,Twice a week or more,Twice a week or more,3,2,2,3,3,H2F,F,P,1,1.5,1,5
5,21,Male,Twice a week or more,Twice a week or more,3,2,2,3,3,W2H,F,R,1,6,1,30
5,21,Male,Twice a week or more,Twice a week or more,3,2,2,3,3,H2W,C,P,1,4,1,10
5,21,Male,Twice a week or more,Twice a week or more,3,2,2,3,3,W2F,V,R,1,2,2,20
5,21,Male,Twice a week or more,Twice a week or more,3,2,2,3,3,H2F,V,P,1,1.5,1,30
5,21,Male,Twice a week or more,Twice a week or more,3,2,2,3,3,W2H,C,R,1,6,1,7
5,21,Male,Twice a week or more,Twice a week or more,3,2,2,3,3,H2W,F,P,1,4,1,2
5,21,Male,Twice a week or more,Twice a week or more,3,2,2,3,3,W2F,B,L,1,2,1,2
5,21,Male,Twice a week or more,Twice a week or more,3,2,2,3,3,H2F,V,R,1,1.5,2,14
5,21,Male,Twice a week or more,Twice a week or more,3,2,2,3,3,W2H,B,L,1,6,1,6
5,21,Male,Twice a week or more,Twice a week or more,3,2,2,3,3,H2W,B,L,1,4,1,4
5,21,Male,Twice a week or more,Twice a week or more,3,2,2,3,3,W2F,F,P,1,2,2,7
5,21,Male,Twice a week or more,Twice a week or more,3,2,2,3,3,H2F,B,L,1,1.5,1,1.5
5,21,Male,Twice a week or more,Twice a week or more,3,2,2,3,3,W2H,F,P,1,6,1,4
5,21,Male,Twice a week or more,Twice a week or more,3,2,2,3,3,H2W,C,R,1,4,1,2
5,21,Male,Twice a week or more,Twice a week or more,3,2,2,3,3,W2F,F,R,1,2,2,8
5,21,Male,Twice a week or more,Twice a week or more,3,2,2,3,3,H2F,C,R,1,1.5,1,4
5,21,Male,Twice a week or more,Twice a week or more,3,2,2,3,3,W2H,C,P,1,6,1,4
5,21,Male,Twice a week or more,Twice a week or more,3,2,2,3,3,H2W,F,R,1,4,1,2
5,21,Male,Twice a week or more,Twice a week or more,3,2,2,3,3,W2F,V,P,1,2,2,3
5,21,Male,Twice a week or more,Twice a week or more,3,2,2,3,3,H2F,F,R,1,1.5,1,1
5,21,Male,Twice a week or more,Twice a week or more,3,2,2,3,3,W2H,V,P,1,6,2,16
5,21,Male,Twice a week or more,Twice a week or more,3,2,2,3,3,H2W,V,R,1,4,1,7
5,21,Male,Twice a week or more,Twice a week or more,3,2,2,3,3,W2F,C,P,1,2,1,4
5,21,Male,Twice a week or more,Twice a week or more,3,2,2,3,3,H2F,C,P,1,1.5,1,3
6,23,Male,Never,Once a week,3,2,2,3,2,W2H,F,R,1,4,2,3
6,23,Male,Never,Once a week,3,2,2,3,2,H2W,F,P,1,1,2,2
6,23,Male,Never,Once a week,3,2,2,3,2,W2F,F,R,1,1,2,1
6,23,Male,Never,Once a week,3,2,2,3,2,H2F,C,P,1,1,1,2
6,23,Male,Never,Once a week,3,2,2,3,2,W2H,B,L,1,4,1,4
6,23,Male,Never,Once a week,3,2,2,3,2,H2W,V,P,1,1,2,4
6,23,Male,Never,Once a week,3,2,2,3,2,W2F,C,R,1,1,1,2
6,23,Male,Never,Once a week,3,2,2,3,2,H2F,C,R,1,1,1,2
6,23,Male,Never,Once a week,3,2,2,3,2,W2H,V,R,1,4,2,2
6,23,Male,Never,Once a week,3,2,2,3,2,H2W,C,R,1,1,1,1
6,23,Male,Never,Once a week,3,2,2,3,2,W2F,V,R,1,1,2,2
6,23,Male,Never,Once a week,3,2,2,3,2,H2F,B,L,1,1,1,1
6,23,Male,Never,Once a week,3,2,2,3,2,W2H,C,P,1,4,1,1
6,23,Male,Never,Once a week,3,2,2,3,2,H2W,C,P,1,1,1,1
6,23,Male,Never,Once a week,3,2,2,3,2,W2F,B,L,1,1,1,1
6,23,Male,Never,Once a week,3,2,2,3,2,H2F,F,R,1,1,1,1
6,23,Male,Never,Once a week,3,2,2,3,2,W2H,C,R,1,4,1,1
6,23,Male,Never,Once a week,3,2,2,3,2,H2W,V,R,1,1,2,2
6,23,Male,Never,Once a week,3,2,2,3,2,W2F,C,P,1,1,1,1
6,23,Male,Never,Once a week,3,2,2,3,2,H2F,V,R,1,1,2,1
6,23,Male,Never,Once a week,3,2,2,3,2,W2H,V,P,1,4,2,2
6,23,Male,Never,Once a week,3,2,2,3,2,H2W,B,L,1,1,1,1
6,23,Male,Never,Once a week,3,2,2,3,2,W2F,F,P,1,1,2,1
6,23,Male,Never,Once a week,3,2,2,3,2,H2F,V,P,1,1,2,1
6,23,Male,Never,Once a week,3,2,2,3,2,W2H,F,P,1,4,2,2
6,23,Male,Never,Once a week,3,2,2,3,2,H2W,F,R,1,1,2,2
6,23,Male,Never,Once a week,3,2,2,3,2,W2F,V,P,1,1,2,2
6,23,Male,Never,Once a week,3,2,2,3,2,H2F,F,P,1,1,2,2
7,22,Male,Never,Never,3,2,1,3,1,W2H,B,L,1,12.53,1,12.53
7,22,Male,Never,Never,3,2,1,3,1,H2W,C,R,1,4.24,1,9.86
7,22,Male,Never,Never,3,2,1,3,1,W2F,V,R,1,3.88,1,7.03
7,22,Male,Never,Never,3,2,1,3,1,H2F,V,P,1,2.21,1,30.93
7,22,Male,Never,Never,3,2,1,3,1,W2H,C,P,1,12.53,1,9.37
7,22,Male,Never,Never,3,2,1,3,1,H2W,F,P,1,4.24,1,6.37
7,22,Male,Never,Never,3,2,1,3,1,W2F,B,L,1,3.88,1,3.88
7,22,Male,Never,Never,3,2,1,3,1,H2F,V,R,1,2.21,1,3.19
7,22,Male,Never,Never,3,2,1,3,1,W2H,F,R,1,12.53,1,6.31
7,22,Male,Never,Never,3,2,1,3,1,H2W,V,R,1,4.24,1,6.47
7,22,Male,Never,Never,3,2,1,3,1,W2F,V,P,1,3.88,1,7.89
7,22,Male,Never,Never,3,2,1,3,1,H2F,F,P,1,2.21,1,7.91
7,22,Male,Never,Never,3,2,1,3,1,W2H,V,P,1,12.53,1,6.46
7,22,Male,Never,Never,3,2,1,3,1,H2W,V,P,1,4.24,1,4.23
7,22,Male,Never,Never,3,2,1,3,1,W2F,F,R,1,3.88,1,6.62
7,22,Male,Never,Never,3,2,1,3,1,H2F,C,P,1,2.21,1,5.78
7,22,Male,Never,Never,3,2,1,3,1,W2H,V,R,1,12.53,1,3.39
7,22,Male,Never,Never,3,2,1,3,1,H2W,F,R,1,4.24,1,4.48
7,22,Male,Never,Never,3,2,1,3,1,W2F,F,P,1,3.88,1,2.49
7,22,Male,Never,Never,3,2,1,3,1,H2F,B,L,1,2.21,1,2.21
7,22,Male,Never,Never,3,2,1,3,1,W2H,F,P,1,12.53,1,4.15
7,22,Male,Never,Never,3,2,1,3,1,H2W,C,P,1,4.24,1,4.68
7,22,Male,Never,Never,3,2,1,3,1,W2F,C,P,1,3.88,1,3.34
7,22,Male,Never,Never,3,2,1,3,1,H2F,C,R,1,2.21,1,2.94
7,22,Male,Never,Never,3,2,1,3,1,W2H,C,R,1,12.53,1,5.3
7,22,Male,Never,Never,3,2,1,3,1,H2W,B,L,1,4.24,1,4.24
7,22,Male,Never,Never,3,2,1,3,1,W2F,C,R,1,3.88,1,3.34
7,22,Male,Never,Never,3,2,1,3,1,H2F,F,R,1,2.21,1,4.72
8,35,Female,Once a week,Once a week,3,2,2,3,1,W2H,V,R,1,50,1,50
8,35,Female,Once a week,Once a week,3,2,2,3,1,H2W,V,P,1,50,1,50
8,35,Female,Once a week,Once a week,3,2,2,3,1,W2F,B,L,1,50,1,50
8,35,Female,Once a week,Once a week,3,2,2,3,1,H2F,C,P,1,50,1,50
8,35,Female,Once a week,Once a week,3,2,2,3,1,W2H,C,R,1,50,1,50
8,35,Female,Once a week,Once a week,3,2,2,3,1,H2W,F,P,1,50,1,50
8,35,Female,Once a week,Once a week,3,2,2,3,1,W2F,F,R,1,50,1,50
8,35,Female,Once a week,Once a week,3,2,2,3,1,H2F,V,P,1,50,1,50
8,35,Female,Once a week,Once a week,3,2,2,3,1,W2H,F,R,1,50,1,50
8,35,Female,Once a week,Once a week,3,2,2,3,1,H2W,C,R,1,50,1,50
8,35,Female,Once a week,Once a week,3,2,2,3,1,W2F,C,R,1,50,1,50
8,35,Female,Once a week,Once a week,3,2,2,3,1,H2F,B,L,1,50,1,50
8,35,Female,Once a week,Once a week,3,2,2,3,1,W2H,F,P,1,50,1,50
8,35,Female,Once a week,Once a week,3,2,2,3,1,H2W,C,P,1,50,1,50
8,35,Female,Once a week,Once a week,3,2,2,3,1,W2F,F,P,1,50,1,50
8,35,Female,Once a week,Once a week,3,2,2,3,1,H2F,F,P,1,50,1,50
8,35,Female,Once a week,Once a week,3,2,2,3,1,W2H,B,L,1,50,1,50
8,35,Female,Once a week,Once a week,3,2,2,3,1,H2W,B,L,1,50,1,50
8,35,Female,Once a week,Once a week,3,2,2,3,1,W2F,C,P,1,50,1,50
8,35,Female,Once a week,Once a week,3,2,2,3,1,H2F,F,R,1,50,1,50
8,35,Female,Once a week,Once a week,3,2,2,3,1,W2H,V,P,1,50,1,50
8,35,Female,Once a week,Once a week,3,2,2,3,1,H2W,F,R,1,50,1,50
8,35,Female,Once a week,Once a week,3,2,2,3,1,W2F,V,R,1,50,1,50
8,35,Female,Once a week,Once a week,3,2,2,3,1,H2F,C,R,1,50,1,50
8,35,Female,Once a week,Once a week,3,2,2,3,1,W2H,C,P,1,50,1,50
8,35,Female,Once a week,Once a week,3,2,2,3,1,H2W,V,R,1,50,1,50
8,35,Female,Once a week,Once a week,3,2,2,3,1,W2F,V,P,1,50,1,50
8,35,Female,Once a week,Once a week,3,2,2,3,1,H2F,V,R,1,50,1,50
9,25,Male,Once a week,Once a week,3,2,2,3,1,W2H,F,R,1,10,1,5
9,25,Male,Once a week,Once a week,3,2,2,3,1,H2W,C,P,1,2,1,2
9,25,Male,Once a week,Once a week,3,2,2,3,1,W2F,F,R,1,2,1,120
9,25,Male,Once a week,Once a week,3,2,2,3,1,H2F,V,P,1,2,1,10
9,25,Male,Once a week,Once a week,3,2,2,3,1,W2H,V,R,1,10,1,3
9,25,Male,Once a week,Once a week,3,2,2,3,1,H2W,F,R,1,2,1,1
9,25,Male,Once a week,Once a week,3,2,2,3,1,W2F,B,L,1,2,1,2
9,25,Male,Once a week,Once a week,3,2,2,3,1,H2F,F,P,1,2,1,2
9,25,Male,Once a week,Once a week,3,2,2,3,1,W2H,B,L,1,10,1,10
9,25,Male,Once a week,Once a week,3,2,2,3,1,H2W,F,P,1,2,1,2
9,25,Male,Once a week,Once a week,3,2,2,3,1,W2F,C,P,1,2,1,2
9,25,Male,Once a week,Once a week,3,2,2,3,1,H2F,C,P,1,2,1,2
9,25,Male,Once a week,Once a week,3,2,2,3,1,W2H,C,R,1,10,1,10
9,25,Male,Once a week,Once a week,3,2,2,3,1,H2W,V,P,1,2,1,2
9,25,Male,Once a week,Once a week,3,2,2,3,1,W2F,C,R,1,2,1,2
9,25,Male,Once a week,Once a week,3,2,2,3,1,H2F,C,R,1,2,1,5
9,25,Male,Once a week,Once a week,3,2,2,3,1,W2H,C,P,1,10,1,2
9,25,Male,Once a week,Once a week,3,2,2,3,1,H2W,V,R,1,2,1,2
9,25,Male,Once a week,Once a week,3,2,2,3,1,W2F,V,P,1,2,1,5
9,25,Male,Once a week,Once a week,3,2,2,3,1,H2F,B,L,1,2,1,2
9,25,Male,Once a week,Once a week,3,2,2,3,1,W2H,F,P,1,10,1,2
9,25,Male,Once a week,Once a week,3,2,2,3,1,H2W,C,R,1,2,1,2
9,25,Male,Once a week,Once a week,3,2,2,3,1,W2F,F,P,1,2,1,2
9,25,Male,Once a week,Once a week,3,2,2,3,1,H2F,V,R,1,2,1,2
9,25,Male,Once a week,Once a week,3,2,2,3,1,W2H,V,P,1,10,1,5
9,25,Male,Once a week,Once a week,3,2,2,3,1,H2W,B,L,1,2,1,2
9,25,Male,Once a week,Once a week,3,2,2,3,1,W2F,V,R,1,2,1,15
9,25,Male,Once a week,Once a week,3,2,2,3,1,H2F,F,R,1,2,1,2
10,23,Female,Twice a week or more,Twice a week or more,3,2,2,3,1,W2H,B,L,1,17,1,17
10,23,Female,Twice a week or more,Twice a week or more,3,2,2,3,1,H2W,B,L,1,14,1,14
10,23,Female,Twice a week or more,Twice a week or more,3,2,2,3,1,W2F,V,R,1,10,2,30
10,23,Female,Twice a week or more,Twice a week or more,3,2,2,3,1,H2F,F,P,1,15,2,17
10,23,Female,Twice a week or more,Twice a week or more,3,2,2,3,1,W2H,F,R,1,17,2,23
10,23,Female,Twice a week or more,Twice a week or more,3,2,2,3,1,H2W,C,P,1,14,1,23
10,23,Female,Twice a week or more,Twice a week or more,3,2,2,3,1,W2F,C,P,1,10,2,14
10,23,Female,Twice a week or more,Twice a week or more,3,2,2,3,1,H2F,C,R,1,15,2,12
10,23,Female,Twice a week or more,Twice a week or more,3,2,2,3,1,W2H,C,P,1,17,1,13
10,23,Female,Twice a week or more,Twice a week or more,3,2,2,3,1,H2W,F,R,1,14,1,21
10,23,Female,Twice a week or more,Twice a week or more,3,2,2,3,1,W2F,F,R,1,10,1,10
10,23,Female,Twice a week or more,Twice a week or more,3,2,2,3,1,H2F,V,P,1,15,2,9
10,23,Female,Twice a week or more,Twice a week or more,3,2,2,3,1,W2H,V,R,1,17,2,8
10,23,Female,Twice a week or more,Twice a week or more,3,2,2,3,1,H2W,C,R,1,14,1,29
10,23,Female,Twice a week or more,Twice a week or more,3,2,2,3,1,W2F,V,P,1,10,2,18
10,23,Female,Twice a week or more,Twice a week or more,3,2,2,3,1,H2F,V,R,1,15,2,7
10,23,Female,Twice a week or more,Twice a week or more,3,2,2,3,1,W2H,V,P,1,17,2,7
10,23,Female,Twice a week or more,Twice a week or more,3,2,2,3,1,H2W,V,P,1,14,1,10
10,23,Female,Twice a week or more,Twice a week or more,3,2,2,3,1,W2F,F,P,1,10,1,17
10,23,Female,Twice a week or more,Twice a week or more,3,2,2,3,1,H2F,C,P,1,15,2,12
10,23,Female,Twice a week or more,Twice a week or more,3,2,2,3,1,W2H,C,R,1,17,2,11
10,23,Female,Twice a week or more,Twice a week or more,3,2,2,3,1,H2W,V,R,1,14,2,22
10,23,Female,Twice a week or more,Twice a week or more,3,2,2,3,1,W2F,B,L,1,10,1,10
10,23,Female,Twice a week or more,Twice a week or more,3,2,2,3,1,H2F,F,R,1,15,2,5
10,23,Female,Twice a week or more,Twice a week or more,3,2,2,3,1,W2H,F,P,1,17,2,7
10,23,Female,Twice a week or more,Twice a week or more,3,2,2,3,1,H2W,F,P,1,14,1,7
10,23,Female,Twice a week or more,Twice a week or more,3,2,2,3,1,W2F,C,R,1,10,1,12
10,23,Female,Twice a week or more,Twice a week or more,3,2,2,3,1,H2F,B,L,1,15,1,15
11,24,Male,Once a week,Once a week,3,2,2,3,1,W2H,C,P,1,5,1,5
11,24,Male,Once a week,Once a week,3,2,2,3,1,H2W,F,P,1,5,1,5
11,24,Male,Once a week,Once a week,3,2,2,3,1,W2F,C,R,1,5,1,5
11,24,Male,Once a week,Once a week,3,2,2,3,1,H2F,C,R,1,5,1,5
11,24,Male,Once a week,Once a week,3,2,2,3,1,W2H,B,L,1,5,1,5
11,24,Male,Once a week,Once a week,3,2,2,3,1,H2W,V,P,1,5,1,5
11,24,Male,Once a week,Once a week,3,2,2,3,1,W2F,F,P,1,5,1,5
11,24,Male,Once a week,Once a week,3,2,2,3,1,H2F,V,R,1,5,1,5
11,24,Male,Once a week,Once a week,3,2,2,3,1,W2H,V,P,1,5,1,5
11,24,Male,Once a week,Once a week,3,2,2,3,1,H2W,C,P,1,5,1,5
11,24,Male,Once a week,Once a week,3,2,2,3,1,W2F,V,P,1,5,1,5
11,24,Male,Once a week,Once a week,3,2,2,3,1,H2F,F,P,1,5,1,5
11,24,Male,Once a week,Once a week,3,2,2,3,1,W2H,F,R,1,5,1,5
11,24,Male,Once a week,Once a week,3,2,2,3,1,H2W,V,R,1,5,1,5
11,24,Male,Once a week,Once a week,3,2,2,3,1,W2F,V,R,1,5,1,5
11,24,Male,Once a week,Once a week,3,2,2,3,1,H2F,F,R,1,5,1,5
11,24,Male,Once a week,Once a week,3,2,2,3,1,W2H,F,P,1,5,1,5
11,24,Male,Once a week,Once a week,3,2,2,3,1,H2W,C,R,1,5,1,5
11,24,Male,Once a week,Once a week,3,2,2,3,1,W2F,F,R,1,5,1,5
11,24,Male,Once a week,Once a week,3,2,2,3,1,H2F,V,P,1,5,1,5
11,24,Male,Once a week,Once a week,3,2,2,3,1,W2H,V,R,1,5,1,5
11,24,Male,Once a week,Once a week,3,2,2,3,1,H2W,B,L,1,5,1,5
11,24,Male,Once a week,Once a week,3,2,2,3,1,W2F,C,P,1,5,1,5
11,24,Male,Once a week,Once a week,3,2,2,3,1,H2F,B,L,1,5,1,5
11,24,Male,Once a week,Once a week,3,2,2,3,1,W2H,C,R,1,5,1,5
11,24,Male,Once a week,Once a week,3,2,2,3,1,H2W,F,R,1,5,1,5
11,24,Male,Once a week,Once a week,3,2,2,3,1,W2F,B,L,1,5,1,5
11,24,Male,Once a week,Once a week,3,2,2,3,1,H2F,C,P,1,5,1,5
12,21,Male,Never,Never,3,2,1,3,1,W2H,V,P,1,14,2,51
12,21,Male,Never,Never,3,2,1,3,1,H2W,C,R,1,9,1,12
12,21,Male,Never,Never,3,2,1,3,1,W2F,F,P,1,10,1,22
12,21,Male,Never,Never,3,2,1,3,1,H2F,V,R,1,8,1,19
12,21,Male,Never,Never,3,2,1,3,1,W2H,C,P,1,14,2,15
12,21,Male,Never,Never,3,2,1,3,1,H2W,V,R,1,9,1,15
12,21,Male,Never,Never,3,2,1,3,1,W2F,V,P,1,10,1,20
12,21,Male,Never,Never,3,2,1,3,1,H2F,F,R,1,8,1,9
12,21,Male,Never,Never,3,2,1,3,1,W2H,F,P,1,14,2,14
12,21,Male,Never,Never,3,2,1,3,1,H2W,B,L,1,9,1,9
12,21,Male,Never,Never,3,2,1,3,1,W2F,V,R,1,10,2,13
12,21,Male,Never,Never,3,2,1,3,1,H2F,C,R,1,8,1,11
12,21,Male,Never,Never,3,2,1,3,1,W2H,B,L,1,14,1,14
12,21,Male,Never,Never,3,2,1,3,1,H2W,F,P,1,9,1,17
12,21,Male,Never,Never,3,2,1,3,1,W2F,B,L,1,10,1,10
12,21,Male,Never,Never,3,2,1,3,1,H2F,B,L,1,8,1,8
12,21,Male,Never,Never,3,2,1,3,1,W2H,C,R,1,14,2,9
12,21,Male,Never,Never,3,2,1,3,1,H2W,F,R,1,9,1,9
12,21,Male,Never,Never,3,2,1,3,1,W2F,C,R,1,10,2,18
12,21,Male,Never,Never,3,2,1,3,1,H2F,F,P,1,8,1,9
12,21,Male,Never,Never,3,2,1,3,1,W2H,F,R,1,14,2,14
12,21,Male,Never,Never,3,2,1,3,1,H2W,V,P,1,9,1,15
12,21,Male,Never,Never,3,2,1,3,1,W2F,F,R,1,10,1,14
12,21,Male,Never,Never,3,2,1,3,1,H2F,C,P,1,8,1,24
12,21,Male,Never,Never,3,2,1,3,1,W2H,V,R,1,14,2,19
12,21,Male,Never,Never,3,2,1,3,1,H2W,C,P,1,9,1,18
12,21,Male,Never,Never,3,2,1,3,1,W2F,C,P,1,10,1,13
12,21,Male,Never,Never,3,2,1,3,1,H2F,V,P,1,8,1,8
13,21,Male,Once a week,Once a week,3,2,2,3,1,W2H,F,P,1,4,1,27
13,21,Male,Once a week,Once a week,3,2,2,3,1,H2W,F,R,2,8,1,26
13,21,Male,Once a week,Once a week,3,2,2,3,1,W2F,C,P,1,8,1,6
13,21,Male,Once a week,Once a week,3,2,2,3,1,H2F,F,R,1,8,1,11
13,21,Male,Once a week,Once a week,3,2,2,3,1,W2H,V,P,1,4,1,8
13,21,Male,Once a week,Once a week,3,2,2,3,1,H2W,C,R,2,8,1,19
13,21,Male,Once a week,Once a week,3,2,2,3,1,W2F,C,R,1,8,1,13
13,21,Male,Once a week,Once a week,3,2,2,3,1,H2F,B,L,1,8,1,8
13,21,Male,Once a week,Once a week,3,2,2,3,1,W2H,C,R,1,4,2,13
13,21,Male,Once a week,Once a week,3,2,2,3,1,H2W,V,R,2,8,2,15
13,21,Male,Once a week,Once a week,3,2,2,3,1,W2F,B,L,1,8,1,8
13,21,Male,Once a week,Once a week,3,2,2,3,1,H2F,V,R,1,8,1,7
13,21,Male,Once a week,Once a week,3,2,2,3,1,W2H,C,P,1,4,1,4
13,21,Male,Once a week,Once a week,3,2,2,3,1,H2W,B,L,2,8,2,8
13,21,Male,Once a week,Once a week,3,2,2,3,1,W2F,F,R,1,8,1,6
13,21,Male,Once a week,Once a week,3,2,2,3,1,H2F,C,P,1,8,1,5
13,21,Male,Once a week,Once a week,3,2,2,3,1,W2H,V,R,1,4,2,13
13,21,Male,Once a week,Once a week,3,2,2,3,1,H2W,C,P,2,8,1,6
13,21,Male,Once a week,Once a week,3,2,2,3,1,W2F,V,R,1,8,1,8
13,21,Male,Once a week,Once a week,3,2,2,3,1,H2F,C,R,1,8,2,11
13,21,Male,Once a week,Once a week,3,2,2,3,1,W2H,B,L,1,4,1,4
13,21,Male,Once a week,Once a week,3,2,2,3,1,H2W,F,P,2,8,1,8
13,21,Male,Once a week,Once a week,3,2,2,3,1,W2F,V,P,1,8,1,11
13,21,Male,Once a week,Once a week,3,2,2,3,1,H2F,V,P,1,8,1,9
13,21,Male,Once a week,Once a week,3,2,2,3,1,W2H,F,R,1,4,1,3
13,21,Male,Once a week,Once a week,3,2,2,3,1,H2W,V,P,2,8,1,6
13,21,Male,Once a week,Once a week,3,2,2,3,1,W2F,F,P,1,8,1,5
13,21,Male,Once a week,Once a week,3,2,2,3,1,H2F,F,P,1,8,1,3
14,22,Male,Twice a week or more,Twice a week or more,3,2,1,2,1,W2H,C,R,1,8,2,40
14,22,Male,Twice a week or more,Twice a week or more,3,2,1,2,1,H2W,V,R,1,10,1,20
14,22,Male,Twice a week or more,Twice a week or more,3,2,1,2,1,W2F,V,P,1,7,1,20
14,22,Male,Twice a week or more,Twice a week or more,3,2,1,2,1,H2F,B,L,1,12,1,12
14,22,Male,Twice a week or more,Twice a week or more,3,2,1,2,1,W2H,F,P,1,8,2,20
14,22,Male,Twice a week or more,Twice a week or more,3,2,1,2,1,H2W,B,L,1,10,1,10
14,22,Male,Twice a week or more,Twice a week or more,3,2,1,2,1,W2F,V,R,1,7,1,10
14,22,Male,Twice a week or more,Twice a week or more,3,2,1,2,1,H2F,C,P,1,12,1,12
14,22,Male,Twice a week or more,Twice a week or more,3,2,1,2,1,W2H,V,R,1,8,1,4
14,22,Male,Twice a week or more,Twice a week or more,3,2,1,2,1,H2W,V,P,1,10,1,10
14,22,Male,Twice a week or more,Twice a week or more,3,2,1,2,1,W2F,F,P,1,7,1,5
14,22,Male,Twice a week or more,Twice a week or more,3,2,1,2,1,H2F,F,R,1,12,1,5
14,22,Male,Twice a week or more,Twice a week or more,3,2,1,2,1,W2H,V,P,1,8,1,8
14,22,Male,Twice a week or more,Twice a week or more,3,2,1,2,1,H2W,F,R,1,10,1,8
14,22,Male,Twice a week or more,Twice a week or more,3,2,1,2,1,W2F,C,P,1,7,1,7
14,22,Male,Twice a week or more,Twice a week or more,3,2,1,2,1,H2F,V,P,1,12,1,9
14,22,Male,Twice a week or more,Twice a week or more,3,2,1,2,1,W2H,F,R,1,8,1,10
14,22,Male,Twice a week or more,Twice a week or more,3,2,1,2,1,H2W,F,P,1,10,1,10
14,22,Male,Twice a week or more,Twice a week or more,3,2,1,2,1,W2F,B,L,1,7,1,7
14,22,Male,Twice a week or more,Twice a week or more,3,2,1,2,1,H2F,V,R,1,12,1,8
14,22,Male,Twice a week or more,Twice a week or more,3,2,1,2,1,W2H,C,P,1,8,2,12
14,22,Male,Twice a week or more,Twice a week or more,3,2,1,2,1,H2W,C,P,1,10,1,6
14,22,Male,Twice a week or more,Twice a week or more,3,2,1,2,1,W2F,C,R,1,7,1,5
14,22,Male,Twice a week or more,Twice a week or more,3,2,1,2,1,H2F,F,P,1,12,1,6
14,22,Male,Twice a week or more,Twice a week or more,3,2,1,2,1,W2H,B,L,1,8,1,8
14,22,Male,Twice a week or more,Twice a week or more,3,2,1,2,1,H2W,C,R,1,10,1,7
14,22,Male,Twice a week or more,Twice a week or more,3,2,1,2,1,W2F,F,R,1,7,1,5
14,22,Male,Twice a week or more,Twice a week or more,3,2,1,2,1,H2F,C,R,1,12,1,4
15,30,Male,Once a week,Once a week,3,2,1,3,1,W2H,V,P,1,10,1,47
15,30,Male,Once a week,Once a week,3,2,1,3,1,H2W,B,L,1,13,1,13
15,30,Male,Once a week,Once a week,3,2,1,3,1,W2F,C,P,1,15,1,20
15,30,Male,Once a week,Once a week,3,2,1,3,1,H2F,V,R,1,7,1,25
15,30,Male,Once a week,Once a week,3,2,1,3,1,W2H,F,P,1,10,1,21
15,30,Male,Once a week,Once a week,3,2,1,3,1,H2W,F,R,1,13,1,12
15,30,Male,Once a week,Once a week,3,2,1,3,1,W2F,V,P,1,15,1,21
15,30,Male,Once a week,Once a week,3,2,1,3,1,H2F,C,R,1,7,1,16
15,30,Male,Once a week,Once a week,3,2,1,3,1,W2H,C,R,1,10,1,21
15,30,Male,Once a week,Once a week,3,2,1,3,1,H2W,C,R,1,13,1,12
15,30,Male,Once a week,Once a week,3,2,1,3,1,W2F,B,L,1,15,1,15
15,30,Male,Once a week,Once a week,3,2,1,3,1,H2F,F,R,1,7,1,16
15,30,Male,Once a week,Once a week,3,2,1,3,1,W2H,C,P,1,10,1,15
15,30,Male,Once a week,Once a week,3,2,1,3,1,H2W,F,P,1,13,1,11
15,30,Male,Once a week,Once a week,3,2,1,3,1,W2F,F,P,1,15,1,12
15,30,Male,Once a week,Once a week,3,2,1,3,1,H2F,F,P,1,7,1,10
15,30,Male,Once a week,Once a week,3,2,1,3,1,W2H,B,L,1,10,1,10
15,30,Male,Once a week,Once a week,3,2,1,3,1,H2W,C,P,1,13,1,5
15,30,Male,Once a week,Once a week,3,2,1,3,1,W2F,F,R,1,15,1,9
15,30,Male,Once a week,Once a week,3,2,1,3,1,H2F,B,L,1,7,1,7
15,30,Male,Once a week,Once a week,3,2,1,3,1,W2H,F,R,1,10,1,5
15,30,Male,Once a week,Once a week,3,2,1,3,1,H2W,V,R,1,13,1,4
15,30,Male,Once a week,Once a week,3,2,1,3,1,W2F,C,R,1,15,1,5
15,30,Male,Once a week,Once a week,3,2,1,3,1,H2F,V,P,1,7,1,6
15,30,Male,Once a week,Once a week,3,2,1,3,1,W2H,V,R,1,10,1,12
15,30,Male,Once a week,Once a week,3,2,1,3,1,H2W,V,P,1,13,1,4
15,30,Male,Once a week,Once a week,3,2,1,3,1,W2F,V,R,1,15,1,6
15,30,Male,Once a week,Once a week,3,2,1,3,1,H2F,C,P,1,50,1,6
16,30,Female,Twice a week or more,Twice a week or more,3,2,2,3,3,W2H,C,P,1,50,1,50
16,30,Female,Twice a week or more,Twice a week or more,3,2,2,3,3,H2W,F,R,1,50,1,50
16,30,Female,Twice a week or more,Twice a week or more,3,2,2,3,3,W2F,V,P,1,50,1,50
16,30,Female,Twice a week or more,Twice a week or more,3,2,2,3,3,H2F,F,R,1,50,1,50
16,30,Female,Twice a week or more,Twice a week or more,3,2,2,3,3,W2H,F,R,1,50,1,50
16,30,Female,Twice a week or more,Twice a week or more,3,2,2,3,3,H2W,B,L,1,50,1,50
16,30,Female,Twice a week or more,Twice a week or more,3,2,2,3,3,W2F,F,P,1,50,1,50
16,30,Female,Twice a week or more,Twice a week or more,3,2,2,3,3,H2F,V,R,1,50,1,50
16,30,Female,Twice a week or more,Twice a week or more,3,2,2,3,3,W2H,F,P,1,50,1,50
16,30,Female,Twice a week or more,Twice a week or more,3,2,2,3,3,H2W,C,P,1,50,1,50
16,30,Female,Twice a week or more,Twice a week or more,3,2,2,3,3,W2F,C,P,1,50,1,50
16,30,Female,Twice a week or more,Twice a week or more,3,2,2,3,3,H2F,B,L,1,50,1,50
16,30,Female,Twice a week or more,Twice a week or more,3,2,2,3,3,W2H,V,P,1,50,1,50
16,30,Female,Twice a week or more,Twice a week or more,3,2,2,3,3,H2W,C,R,1,50,1,50
16,30,Female,Twice a week or more,Twice a week or more,3,2,2,3,3,W2F,C,R,1,50,1,50
16,30,Female,Twice a week or more,Twice a week or more,3,2,2,3,3,H2F,C,R,1,50,1,50
16,30,Female,Twice a week or more,Twice a week or more,3,2,2,3,3,W2H,V,R,1,50,1,50
16,30,Female,Twice a week or more,Twice a week or more,3,2,2,3,3,H2W,V,P,1,50,1,50
16,30,Female,Twice a week or more,Twice a week or more,3,2,2,3,3,W2F,B,L,1,50,1,50
16,30,Female,Twice a week or more,Twice a week or more,3,2,2,3,3,H2F,C,P,1,50,1,50
16,30,Female,Twice a week or more,Twice a week or more,3,2,2,3,3,W2H,C,R,1,50,1,50
16,30,Female,Twice a week or more,Twice a week or more,3,2,2,3,3,H2W,F,P,1,50,1,50
16,30,Female,Twice a week or more,Twice a week or more,3,2,2,3,3,W2F,V,R,1,50,1,50
16,30,Female,Twice a week or more,Twice a week or more,3,2,2,3,3,H2F,F,P,1,50,1,50
16,30,Female,Twice a week or more,Twice a week or more,3,2,2,3,3,W2H,B,L,1,50,1,50
16,30,Female,Twice a week or more,Twice a week or more,3,2,2,3,3,H2W,V,R,1,50,1,50
16,30,Female,Twice a week or more,Twice a week or more,3,2,2,3,3,W2F,F,R,1,50,1,50
16,30,Female,Twice a week or more,Twice a week or more,3,2,2,3,3,H2F,V,P,1,50,1,50
17,30,Female,Twice a week or more,Never,3,2,2,3,1,W2H,B,L,1,15,1,15
17,30,Female,Twice a week or more,Never,3,2,2,3,1,H2W,V,R,1,5,1,5
17,30,Female,Twice a week or more,Never,3,2,2,3,1,W2F,F,P,1,4,1,7
17,30,Female,Twice a week or more,Never,3,2,2,3,1,H2F,B,L,1,6,1,6
17,30,Female,Twice a week or more,Never,3,2,2,3,1,W2H,C,P,1,15,1,10
17,30,Female,Twice a week or more,Never,3,2,2,3,1,H2W,C,P,1,5,1,6
17,30,Female,Twice a week or more,Never,3,2,2,3,1,W2F,C,R,1,4,1,5
17,30,Female,Twice a week or more,Never,3,2,2,3,1,H2F,F,R,1,6,1,6
17,30,Female,Twice a week or more,Never,3,2,2,3,1,W2H,F,R,1,15,1,4
17,30,Female,Twice a week or more,Never,3,2,2,3,1,H2W,F,R,1,5,1,5
17,30,Female,Twice a week or more,Never,3,2,2,3,1,W2F,V,P,1,4,1,4
17,30,Female,Twice a week or more,Never,3,2,2,3,1,H2F,C,P,1,6,1,4
17,30,Female,Twice a week or more,Never,3,2,2,3,1,W2H,C,R,1,15,1,4
17,30,Female,Twice a week or more,Never,3,2,2,3,1,H2W,V,P,1,5,1,4
17,30,Female,Twice a week or more,Never,3,2,2,3,1,W2F,V,R,1,4,1,5
17,30,Female,Twice a week or more,Never,3,2,2,3,1,H2F,V,R,1,6,1,5
17,30,Female,Twice a week or more,Never,3,2,2,3,1,W2H,V,P,1,15,1,4
17,30,Female,Twice a week or more,Never,3,2,2,3,1,H2W,F,P,1,5,1,4
17,30,Female,Twice a week or more,Never,3,2,2,3,1,W2F,C,P,1,4,1,4
17,30,Female,Twice a week or more,Never,3,2,2,3,1,H2F,V,P,1,6,1,5
17,30,Female,Twice a week or more,Never,3,2,2,3,1,W2H,V,R,1,15,1,6
17,30,Female,Twice a week or more,Never,3,2,2,3,1,H2W,B,L,1,5,1,5
17,30,Female,Twice a week or more,Never,3,2,2,3,1,W2F,F,R,1,4,1,4
17,30,Female,Twice a week or more,Never,3,2,2,3,1,H2F,C,R,1,6,1,5
17,30,Female,Twice a week or more,Never,3,2,2,3,1,W2H,F,P,1,15,1,5
17,30,Female,Twice a week or more,Never,3,2,2,3,1,H2W,C,R,1,5,1,4
17,30,Female,Twice a week or more,Never,3,2,2,3,1,W2F,B,L,1,4,1,4
17,30,Female,Twice a week or more,Never,3,2,2,3,1,H2F,F,P,1,6,1,4
18,26,Male,Never,Never,3,2,2,3,3,W2H,F,P,1,15,2,30
18,26,Male,Never,Never,3,2,2,3,3,H2W,C,R,1,3,2,60
18,26,Male,Never,Never,3,2,2,3,3,W2F,C,R,1,5,1,5
18,26,Male,Never,Never,3,2,2,3,3,H2F,C,P,1,3,1,5
18,26,Male,Never,Never,3,2,2,3,3,W2H,V,P,1,15,1,30
18,26,Male,Never,Never,3,2,2,3,3,H2W,F,P,1,3,1,30
18,26,Male,Never,Never,3,2,2,3,3,W2F,V,R,1,5,1,3
18,26,Male,Never,Never,3,2,2,3,3,H2F,B,L,1,3,1,3
18,26,Male,Never,Never,3,2,2,3,3,W2H,C,P,1,15,1,10
18,26,Male,Never,Never,3,2,2,3,3,H2W,V,P,1,3,1,3
18,26,Male,Never,Never,3,2,2,3,3,W2F,F,P,1,5,2,5
18,26,Male,Never,Never,3,2,2,3,3,H2F,V,P,1,3,1,3
18,26,Male,Never,Never,3,2,2,3,3,W2H,V,R,1,15,1,30
18,26,Male,Never,Never,3,2,2,3,3,H2W,V,R,1,3,1,5
18,26,Male,Never,Never,3,2,2,3,3,W2F,F,R,1,5,1,30
18,26,Male,Never,Never,3,2,2,3,3,H2F,F,R,1,3,1,3
18,26,Male,Never,Never,3,2,2,3,3,W2H,C,R,1,15,1,15
18,26,Male,Never,Never,3,2,2,3,3,H2W,F,R,1,3,1,5
18,26,Male,Never,Never,3,2,2,3,3,W2F,V,P,1,5,1,10
18,26,Male,Never,Never,3,2,2,3,3,H2F,F,P,1,3,1,3
18,26,Male,Never,Never,3,2,2,3,3,W2H,B,L,1,15,1,15
18,26,Male,Never,Never,3,2,2,3,3,H2W,C,P,1,3,1,3
18,26,Male,Never,Never,3,2,2,3,3,W2F,B,L,1,5,1,5
18,26,Male,Never,Never,3,2,2,3,3,H2F,V,R,1,3,1,3
18,26,Male,Never,Never,3,2,2,3,3,W2H,F,R,1,15,1,3
18,26,Male,Never,Never,3,2,2,3,3,H2W,B,L,1,3,1,3
18,26,Male,Never,Never,3,2,2,3,3,W2F,C,P,1,5,1,3
18,26,Male,Never,Never,3,2,2,3,3,H2F,C,R,1,3,1,3
19,30,Female,Once a week,Once a week,3,3,3,3,1,W2H,C,R,1,25,1,5.2
19,30,Female,Once a week,Once a week,3,3,3,3,1,H2W,F,P,1,12,1,9.7
19,30,Female,Once a week,Once a week,3,3,3,3,1,W2F,V,R,1,5,1,5
19,30,Female,Once a week,Once a week,3,3,3,3,1,H2F,V,P,2,8,1,8
19,30,Female,Once a week,Once a week,3,3,3,3,1,W2H,V,R,1,25,1,7
19,30,Female,Once a week,Once a week,3,3,3,3,1,H2W,V,P,1,12,1,6.5
19,30,Female,Once a week,Once a week,3,3,3,3,1,W2F,F,R,1,5,1,7.2
19,30,Female,Once a week,Once a week,3,3,3,3,1,H2F,C,P,2,8,2,10
19,30,Female,Once a week,Once a week,3,3,3,3,1,W2H,B,L,1,25,1,25
19,30,Female,Once a week,Once a week,3,3,3,3,1,H2W,V,R,1,12,2,30
19,30,Female,Once a week,Once a week,3,3,3,3,1,W2F,C,R,1,5,1,10
19,30,Female,Once a week,Once a week,3,3,3,3,1,H2F,F,P,2,8,2,10
19,30,Female,Once a week,Once a week,3,3,3,3,1,W2H,F,P,1,25,1,10
19,30,Female,Once a week,Once a week,3,3,3,3,1,H2W,B,L,1,12,1,12
19,30,Female,Once a week,Once a week,3,3,3,3,1,W2F,B,L,1,5,1,5
19,30,Female,Once a week,Once a week,3,3,3,3,1,H2F,B,L,2,8,2,8
19,30,Female,Once a week,Once a week,3,3,3,3,1,W2H,F,R,1,25,1,5.6
19,30,Female,Once a week,Once a week,3,3,3,3,1,H2W,C,R,1,12,1,8
19,30,Female,Once a week,Once a week,3,3,3,3,1,W2F,F,P,1,5,1,8
19,30,Female,Once a week,Once a week,3,3,3,3,1,H2F,C,R,2,8,2,13
19,30,Female,Once a week,Once a week,3,3,3,3,1,W2H,V,P,1,25,1,8
19,30,Female,Once a week,Once a week,3,3,3,3,1,H2W,F,R,1,12,1,11
19,30,Female,Once a week,Once a week,3,3,3,3,1,W2F,C,P,1,5,1,7
19,30,Female,Once a week,Once a week,3,3,3,3,1,H2F,F,R,2,8,2,11
19,30,Female,Once a week,Once a week,3,3,3,3,1,W2H,C,P,1,25,1,7
19,30,Female,Once a week,Once a week,3,3,3,3,1,H2W,C,P,1,12,1,10
19,30,Female,Once a week,Once a week,3,3,3,3,1,W2F,V,P,1,5,1,9
19,30,Female,Once a week,Once a week,3,3,3,3,1,H2F,V,R,2,8,2,9
20,26,Non-binary,Never,Twice a week or more,3,2,2,3,1,W2H,F,R,1,5,1,30
20,26,Non-binary,Never,Twice a week or more,3,2,2,3,1,H2W,C,P,2,5,2,10
20,26,Non-binary,Never,Twice a week or more,3,2,2,3,1,W2F,F,R,1,3,1,5
20,26,Non-binary,Never,Twice a week or more,3,2,2,3,1,H2F,F,P,2,5,1,5
20,26,Non-binary,Never,Twice a week or more,3,2,2,3,1,W2H,C,R,1,5,1,3
20,26,Non-binary,Never,Twice a week or more,3,2,2,3,1,H2W,C,R,2,5,2,5
20,26,Non-binary,Never,Twice a week or more,3,2,2,3,1,W2F,B,L,1,3,1,3
20,26,Non-binary,Never,Twice a week or more,3,2,2,3,1,H2F,V,P,2,5,1,3
20,26,Non-binary,Never,Twice a week or more,3,2,2,3,1,W2H,V,R,1,5,1,5
20,26,Non-binary,Never,Twice a week or more,3,2,2,3,1,H2W,B,L,2,5,2,5
20,26,Non-binary,Never,Twice a week or more,3,2,2,3,1,W2F,V,R,1,3,1,5
20,26,Non-binary,Never,Twice a week or more,3,2,2,3,1,H2F,C,R,2,5,1,5
20,26,Non-binary,Never,Twice a week or more,3,2,2,3,1,W2H,B,L,1,5,1,5
20,26,Non-binary,Never,Twice a week or more,3,2,2,3,1,H2W,F,R,2,5,2,5
20,26,Non-binary,Never,Twice a week or more,3,2,2,3,1,W2F,C,P,1,3,1,5
20,26,Non-binary,Never,Twice a week or more,3,2,2,3,1,H2F,C,P,2,5,1,5
20,26,Non-binary,Never,Twice a week or more,3,2,2,3,1,W2H,C,P,1,5,1,5
20,26,Non-binary,Never,Twice a week or more,3,2,2,3,1,H2W,V,R,2,5,2,5
20,26,Non-binary,Never,Twice a week or more,3,2,2,3,1,W2F,C,R,1,3,1,5
20,26,Non-binary,Never,Twice a week or more,3,2,2,3,1,H2F,V,R,2,5,2,5
20,26,Non-binary,Never,Twice a week or more,3,2,2,3,1,W2H,F,P,1,5,1,5
20,26,Non-binary,Never,Twice a week or more,3,2,2,3,1,H2W,V,P,2,5,2,5
20,26,Non-binary,Never,Twice a week or more,3,2,2,3,1,W2F,V,P,1,3,1,5
20,26,Non-binary,Never,Twice a week or more,3,2,2,3,1,H2F,B,L,2,5,2,5
20,26,Non-binary,Never,Twice a week or more,3,2,2,3,1,W2H,V,P,1,5,1,5
20,26,Non-binary,Never,Twice a week or more,3,2,2,3,1,H2W,F,P,2,5,2,5
20,26,Non-binary,Never,Twice a week or more,3,2,2,3,1,W2F,F,P,1,3,1,5
20,26,Non-binary,Never,Twice a week or more,3,2,2,3,1,H2F,F,R,2,5,1,5
21,30,Female,Once a week,Once a week,3,2,1,3,1,W2H,V,R,1,18,1,39
21,30,Female,Once a week,Once a week,3,2,1,3,1,H2W,V,P,1,9,1,17
21,30,Female,Once a week,Once a week,3,2,1,3,1,W2F,B,L,1,24,1,24
21,30,Female,Once a week,Once a week,3,2,1,3,1,H2F,C,R,1,15,1,27
21,30,Female,Once a week,Once a week,3,2,1,3,1,W2H,B,L,1,18,1,18
21,30,Female,Once a week,Once a week,3,2,1,3,1,H2W,V,R,1,9,1,19
21,30,Female,Once a week,Once a week,3,2,1,3,1,W2F,C,P,1,24,1,16
21,30,Female,Once a week,Once a week,3,2,1,3,1,H2F,F,P,1,15,2,24
21,30,Female,Once a week,Once a week,3,2,1,3,1,W2H,V,P,1,18,1,17
21,30,Female,Once a week,Once a week,3,2,1,3,1,H2W,F,P,1,9,2,13
21,30,Female,Once a week,Once a week,3,2,1,3,1,W2F,F,R,1,24,2,12
21,30,Female,Once a week,Once a week,3,2,1,3,1,H2F,V,R,1,15,1,21
21,30,Female,Once a week,Once a week,3,2,1,3,1,W2H,F,R,1,18,2,14
21,30,Female,Once a week,Once a week,3,2,1,3,1,H2W,C,P,1,9,1,10
21,30,Female,Once a week,Once a week,3,2,1,3,1,W2F,V,P,1,24,1,16
21,30,Female,Once a week,Once a week,3,2,1,3,1,H2F,V,P,1,15,1,16
21,30,Female,Once a week,Once a week,3,2,1,3,1,W2H,F,P,1,18,2,14
21,30,Female,Once a week,Once a week,3,2,1,3,1,H2W,B,L,1,9,1,9
21,30,Female,Once a week,Once a week,3,2,1,3,1,W2F,V,R,1,24,1,14
21,30,Female,Once a week,Once a week,3,2,1,3,1,H2F,F,R,1,15,2,9
21,30,Female,Once a week,Once a week,3,2,1,3,1,W2H,C,P,1,18,1,9
21,30,Female,Once a week,Once a week,3,2,1,3,1,H2W,C,R,1,9,1,14
21,30,Female,Once a week,Once a week,3,2,1,3,1,W2F,F,P,1,24,2,15
21,30,Female,Once a week,Once a week,3,2,1,3,1,H2F,C,P,1,15,2,12
21,30,Female,Once a week,Once a week,3,2,1,3,1,W2H,C,R,1,18,1,17
21,30,Female,Once a week,Once a week,3,2,1,3,1,H2W,F,R,1,9,1,17
21,30,Female,Once a week,Once a week,3,2,1,3,1,W2F,C,R,1,24,2,16
21,30,Female,Once a week,Once a week,3,2,1,3,1,H2F,B,L,1,15,1,15
22,25,Male,Once a week,Once a week,3,2,2,3,1,W2H,B,L,1,56,1,56
22,25,Male,Once a week,Once a week,3,2,2,3,1,H2W,C,P,1,6.92,2,33
22,25,Male,Once a week,Once a week,3,2,2,3,1,W2F,V,R,1,8.31,1,17
22,25,Male,Once a week,Once a week,3,2,2,3,1,H2F,V,P,1,11.65,1,11
22,25,Male,Once a week,Once a week,3,2,2,3,1,W2H,F,R,1,56,1,5
22,25,Male,Once a week,Once a week,3,2,2,3,1,H2W,V,P,1,6.92,1,11.25
22,25,Male,Once a week,Once a week,3,2,2,3,1,W2F,C,R,1,8.31,1,10.13
22,25,Male,Once a week,Once a week,3,2,2,3,1,H2F,F,P,1,11.65,1,25.55
22,25,Male,Once a week,Once a week,3,2,2,3,1,W2H,C,R,1,56,1,8.52
22,25,Male,Once a week,Once a week,3,2,2,3,1,H2W,B,L,1,6.92,1,6.92
22,25,Male,Once a week,Once a week,3,2,2,3,1,W2F,F,R,1,8.31,1,7.65
22,25,Male,Once a week,Once a week,3,2,2,3,1,H2F,C,R,1,11.65,1,30.31
22,25,Male,Once a week,Once a week,3,2,2,3,1,W2H,F,P,1,56,1,7.14
22,25,Male,Once a week,Once a week,3,2,2,3,1,H2W,F,P,1,6.92,2,18.18
22,25,Male,Once a week,Once a week,3,2,2,3,1,W2F,F,P,1,8.31,1,9.15
22,25,Male,Once a week,Once a week,3,2,2,3,1,H2F,C,P,1,11.65,1,9.17
22,25,Male,Once a week,Once a week,3,2,2,3,1,W2H,C,P,1,56,1,9.09
22,25,Male,Once a week,Once a week,3,2,2,3,1,H2W,F,R,1,6.92,2,13.35
22,25,Male,Once a week,Once a week,3,2,2,3,1,W2F,B,L,1,8.31,1,8.31
22,25,Male,Once a week,Once a week,3,2,2,3,1,H2F,B,L,1,11.65,1,11.65
22,25,Male,Once a week,Once a week,3,2,2,3,1,W2H,V,R,1,56,1,7.91
22,25,Male,Once a week,Once a week,3,2,2,3,1,H2W,C,R,1,6.92,1,11.06
22,25,Male,Once a week,Once a week,3,2,2,3,1,W2F,V,P,1,8.31,1,8
22,25,Male,Once a week,Once a week,3,2,2,3,1,H2F,F,R,1,11.65,1,10.93
22,25,Male,Once a week,Once a week,3,2,2,3,1,W2H,V,P,1,56,2,6.3
22,25,Male,Once a week,Once a week,3,2,2,3,1,H2W,V,R,1,6.92,2,6.48
22,25,Male,Once a week,Once a week,3,2,2,3,1,W2F,C,P,1,8.31,1,8.71
22,25,Male,Once a week,Once a week,3,2,2,3,1,H2F,V,R,1,11.65,1,8.51
23,31,Male,Once a week,Once a week,3,2,3,3,1,W2H,F,R,2,20,2,25
23,31,Male,Once a week,Once a week,3,2,3,3,1,H2W,V,P,2,5,2,10
23,31,Male,Once a week,Once a week,3,2,3,3,1,W2F,F,R,2,5,1,20
23,31,Male,Once a week,Once a week,3,2,3,3,1,H2F,C,P,2,2,1,10
23,31,Male,Once a week,Once a week,3,2,3,3,1,W2H,B,L,2,20,2,20
23,31,Male,Once a week,Once a week,3,2,3,3,1,H2W,F,P,2,5,2,15
23,31,Male,Once a week,Once a week,3,2,3,3,1,W2F,V,R,2,5,1,15
23,31,Male,Once a week,Once a week,3,2,3,3,1,H2F,F,R,2,2,2,5
23,31,Male,Once a week,Once a week,3,2,3,3,1,W2H,C,P,2,20,2,10
23,31,Male,Once a week,Once a week,3,2,3,3,1,H2W,C,P,2,5,2,5
23,31,Male,Once a week,Once a week,3,2,3,3,1,W2F,B,L,2,5,2,5
23,31,Male,Once a week,Once a week,3,2,3,3,1,H2F,F,P,2,2,2,10
23,31,Male,Once a week,Once a week,3,2,3,3,1,W2H,C,R,2,20,2,2
23,31,Male,Once a week,Once a week,3,2,3,3,1,H2W,C,R,2,5,2,2
23,31,Male,Once a week,Once a week,3,2,3,3,1,W2F,C,R,2,5,1,5
23,31,Male,Once a week,Once a week,3,2,3,3,1,H2F,V,P,2,2,2,2
23,31,Male,Once a week,Once a week,3,2,3,3,1,W2H,V,P,2,20,2,3
23,31,Male,Once a week,Once a week,3,2,3,3,1,H2W,B,L,2,5,2,5
23,31,Male,Once a week,Once a week,3,2,3,3,1,W2F,C,P,2,5,1,2
23,31,Male,Once a week,Once a week,3,2,3,3,1,H2F,V,R,2,2,2,2
23,31,Male,Once a week,Once a week,3,2,3,3,1,W2H,F,P,2,20,2,3
23,31,Male,Once a week,Once a week,3,2,3,3,1,H2W,V,R,2,5,1,3
23,31,Male,Once a week,Once a week,3,2,3,3,1,W2F,F,P,2,5,1,2
23,31,Male,Once a week,Once a week,3,2,3,3,1,H2F,C,R,2,2,2,2
23,31,Male,Once a week,Once a week,3,2,3,3,1,W2H,V,R,2,20,2,3
23,31,Male,Once a week,Once a week,3,2,3,3,1,H2W,F,R,2,5,2,3
23,31,Male,Once a week,Once a week,3,2,3,3,1,W2F,V,P,2,5,1,2
23,31,Male,Once a week,Once a week,3,2,3,3,1,H2F,B,L,2,2,2,2
24,30,Female,Once a week,Never,3,2,2,3,1,W2H,V,R,1,12,1,35
24,30,Female,Once a week,Never,3,2,2,3,1,H2W,F,P,2,13,1,10
24,30,Female,Once a week,Never,3,2,2,3,1,W2F,B,L,1,11,1,11
24,30,Female,Once a week,Never,3,2,2,3,1,H2F,B,L,1,10,1,10
24,30,Female,Once a week,Never,3,2,2,3,1,W2H,C,P,1,12,1,45
24,30,Female,Once a week,Never,3,2,2,3,1,H2W,C,R,2,13,1,22
24,30,Female,Once a week,Never,3,2,2,3,1,W2F,F,R,1,11,1,50
24,30,Female,Once a week,Never,3,2,2,3,1,H2F,C,P,1,10,2,36
24,30,Female,Once a week,Never,3,2,2,3,1,W2H,F,R,1,12,2,13
24,30,Female,Once a week,Never,3,2,2,3,1,H2W,V,P,2,13,2,14
24,30,Female,Once a week,Never,3,2,2,3,1,W2F,C,P,1,11,1,20
24,30,Female,Once a week,Never,3,2,2,3,1,H2F,F,R,1,10,2,9
24,30,Female,Once a week,Never,3,2,2,3,1,W2H,V,P,1,12,2,24
24,30,Female,Once a week,Never,3,2,2,3,1,H2W,V,R,2,13,1,9
24,30,Female,Once a week,Never,3,2,2,3,1,W2F,V,R,1,11,2,14
24,30,Female,Once a week,Never,3,2,2,3,1,H2F,C,R,1,10,1,33
24,30,Female,Once a week,Never,3,2,2,3,1,W2H,F,P,1,12,2,6
24,30,Female,Once a week,Never,3,2,2,3,1,H2W,C,P,2,13,1,7
24,30,Female,Once a week,Never,3,2,2,3,1,W2F,V,P,1,11,1,13
24,30,Female,Once a week,Never,3,2,2,3,1,H2F,V,P,1,10,2,10
24,30,Female,Once a week,Never,3,2,2,3,1,W2H,B,L,1,12,1,12
24,30,Female,Once a week,Never,3,2,2,3,1,H2W,F,R,2,13,2,9
24,30,Female,Once a week,Never,3,2,2,3,1,W2F,C,R,1,11,1,12
24,30,Female,Once a week,Never,3,2,2,3,1,H2F,V,R,1,10,2,13
24,30,Female,Once a week,Never,3,2,2,3,1,W2H,C,R,1,12,2,19
24,30,Female,Once a week,Never,3,2,2,3,1,H2W,B,L,2,13,2,13
24,30,Female,Once a week,Never,3,2,2,3,1,W2F,F,P,1,11,2,9
24,30,Female,Once a week,Never,3,2,2,3,1,H2F,F,P,1,10,2,15
25,33,Male,Never,Never,3,2,1,3,1,W2H,C,R,2,6,1,18
25,33,Male,Never,Never,3,2,1,3,1,H2W,C,R,2,9,1,17
25,33,Male,Never,Never,3,2,1,3,1,W2F,C,P,2,11,1,12
25,33,Male,Never,Never,3,2,1,3,1,H2F,F,P,2,6,2,10
25,33,Male,Never,Never,3,2,1,3,1,W2H,F,P,2,6,2,16
25,33,Male,Never,Never,3,2,1,3,1,H2W,V,R,2,9,2,14
25,33,Male,Never,Never,3,2,1,3,1,W2F,B,L,2,11,2,11
25,33,Male,Never,Never,3,2,1,3,1,H2F,V,P,2,6,2,7
25,33,Male,Never,Never,3,2,1,3,1,W2H,V,P,2,6,2,8
25,33,Male,Never,Never,3,2,1,3,1,H2W,F,P,2,9,2,13
25,33,Male,Never,Never,3,2,1,3,1,W2F,V,P,2,11,2,7
25,33,Male,Never,Never,3,2,1,3,1,H2F,C,P,2,6,2,14
25,33,Male,Never,Never,3,2,1,3,1,W2H,V,R,2,6,2,21
25,33,Male,Never,Never,3,2,1,3,1,H2W,F,R,2,9,2,10
25,33,Male,Never,Never,3,2,1,3,1,W2F,F,R,2,11,2,8
25,33,Male,Never,Never,3,2,1,3,1,H2F,V,R,2,6,2,9
25,33,Male,Never,Never,3,2,1,3,1,W2H,F,R,2,6,2,9
25,33,Male,Never,Never,3,2,1,3,1,H2W,V,P,2,9,2,8
25,33,Male,Never,Never,3,2,1,3,1,W2F,F,P,2,11,2,6
25,33,Male,Never,Never,3,2,1,3,1,H2F,C,R,2,6,2,8
25,33,Male,Never,Never,3,2,1,3,1,W2H,C,P,2,6,2,7
25,33,Male,Never,Never,3,2,1,3,1,H2W,B,L,2,9,2,9
25,33,Male,Never,Never,3,2,1,3,1,W2F,V,R,2,11,2,6
25,33,Male,Never,Never,3,2,1,3,1,H2F,B,L,2,6,2,6
25,33,Male,Never,Never,3,2,1,3,1,W2H,B,L,2,6,2,6
25,33,Male,Never,Never,3,2,1,3,1,H2W,C,P,2,9,2,8
25,33,Male,Never,Never,3,2,1,3,1,W2F,C,R,2,11,2,5
25,33,Male,Never,Never,3,2,1,3,1,H2F,F,R,2,6,2,6
26,31,Female,Never,Never,3,2,2,2,1,W2H,F,P,1,8,1,27
26,31,Female,Never,Never,3,2,2,2,1,H2W,V,R,1,7,1,28
26,31,Female,Never,Never,3,2,2,2,1,W2F,V,P,1,6,1,13
26,31,Female,Never,Never,3,2,2,2,1,H2F,C,R,1,10,2,22
26,31,Female,Never,Never,3,2,2,2,1,W2H,V,P,1,8,1,15
26,31,Female,Never,Never,3,2,2,2,1,H2W,F,R,1,7,2,19
26,31,Female,Never,Never,3,2,2,2,1,W2F,C,P,1,6,1,18
26,31,Female,Never,Never,3,2,2,2,1,H2F,V,R,1,10,2,15
26,31,Female,Never,Never,3,2,2,2,1,W2H,V,R,1,8,1,11
26,31,Female,Never,Never,3,2,2,2,1,H2W,C,R,1,7,2,14
26,31,Female,Never,Never,3,2,2,2,1,W2F,F,P,1,6,1,10
26,31,Female,Never,Never,3,2,2,2,1,H2F,B,L,1,10,1,10
26,31,Female,Never,Never,3,2,2,2,1,W2H,B,L,1,8,1,8
26,31,Female,Never,Never,3,2,2,2,1,H2W,B,L,1,7,1,7
26,31,Female,Never,Never,3,2,2,2,1,W2F,B,L,1,6,1,6
26,31,Female,Never,Never,3,2,2,2,1,H2F,F,P,1,10,2,10
26,31,Female,Never,Never,3,2,2,2,1,W2H,C,R,1,8,1,35
26,31,Female,Never,Never,3,2,2,2,1,H2W,F,P,1,7,2,14
26,31,Female,Never,Never,3,2,2,2,1,W2F,C,R,1,6,1,17
26,31,Female,Never,Never,3,2,2,2,1,H2F,F,R,1,10,2,11
26,31,Female,Never,Never,3,2,2,2,1,W2H,F,R,1,8,1,15
26,31,Female,Never,Never,3,2,2,2,1,H2W,C,P,1,7,2,11
26,31,Female,Never,Never,3,2,2,2,1,W2F,F,R,1,6,1,8
26,31,Female,Never,Never,3,2,2,2,1,H2F,V,P,1,10,2,15
26,31,Female,Never,Never,3,2,2,2,1,W2H,C,P,1,8,1,13
26,31,Female,Never,Never,3,2,2,2,1,H2W,V,P,1,7,1,10
26,31,Female,Never,Never,3,2,2,2,1,W2F,V,R,1,6,1,12
26,31,Female,Never,Never,3,2,2,2,1,H2F,C,P,1,10,2,6
27,23,Male,Never,Never,3,2,1,3,1,W2H,C,P,1,15,1,27
27,23,Male,Never,Never,3,2,1,3,1,H2W,F,R,1,45,2,50
27,23,Male,Never,Never,3,2,1,3,1,W2F,F,P,1,10,1,43
27,23,Male,Never,Never,3,2,1,3,1,H2F,F,R,1,16,1,15
27,23,Male,Never,Never,3,2,1,3,1,W2H,C,R,1,15,1,28
27,23,Male,Never,Never,3,2,1,3,1,H2W,B,L,1,45,1,45
27,23,Male,Never,Never,3,2,1,3,1,W2F,V,P,1,10,2,43
27,23,Male,Never,Never,3,2,1,3,1,H2F,C,R,1,16,2,20
27,23,Male,Never,Never,3,2,1,3,1,W2H,B,L,1,15,1,15
27,23,Male,Never,Never,3,2,1,3,1,H2W,V,R,1,45,2,10
27,23,Male,Never,Never,3,2,1,3,1,W2F,C,R,1,10,2,30
27,23,Male,Never,Never,3,2,1,3,1,H2F,V,R,1,16,1,14
27,23,Male,Never,Never,3,2,1,3,1,W2H,F,R,1,15,1,10
27,23,Male,Never,Never,3,2,1,3,1,H2W,C,P,1,45,2,15
27,23,Male,Never,Never,3,2,1,3,1,W2F,C,P,1,10,2,21
27,23,Male,Never,Never,3,2,1,3,1,H2F,B,L,1,16,1,16
27,23,Male,Never,Never,3,2,1,3,1,W2H,V,R,1,15,1,15
27,23,Male,Never,Never,3,2,1,3,1,H2W,C,R,1,45,2,13
27,23,Male,Never,Never,3,2,1,3,1,W2F,V,R,1,10,2,11
27,23,Male,Never,Never,3,2,1,3,1,H2F,C,P,1,16,2,21
27,23,Male,Never,Never,3,2,1,3,1,W2H,V,P,1,15,2,13
27,23,Male,Never,Never,3,2,1,3,1,H2W,V,P,1,45,2,30
27,23,Male,Never,Never,3,2,1,3,1,W2F,B,L,1,10,1,10
27,23,Male,Never,Never,3,2,1,3,1,H2F,F,P,1,16,1,8
27,23,Male,Never,Never,3,2,1,3,1,W2H,F,P,1,15,1,5
27,23,Male,Never,Never,3,2,1,3,1,H2W,F,P,1,45,1,5
27,23,Male,Never,Never,3,2,1,3,1,W2F,F,R,1,10,1,8
27,23,Male,Never,Never,3,2,1,3,1,H2F,V,P,1,16,1,11
28,32,Male,Never,Never,3,2,2,3,1,W2H,V,P,1,10,2,8
28,32,Male,Never,Never,3,2,2,3,1,H2W,B,L,1,5,1,5
28,32,Male,Never,Never,3,2,2,3,1,W2F,C,R,1,5,1,10
28,32,Male,Never,Never,3,2,2,3,1,H2F,V,R,1,7,1,3
28,32,Male,Never,Never,3,2,2,3,1,W2H,V,R,1,10,2,3
28,32,Male,Never,Never,3,2,2,3,1,H2W,C,P,1,5,1,3
28,32,Male,Never,Never,3,2,2,3,1,W2F,F,P,1,5,1,3
28,32,Male,Never,Never,3,2,2,3,1,H2F,B,L,1,7,1,7
28,32,Male,Never,Never,3,2,2,3,1,W2H,F,P,1,10,1,12
28,32,Male,Never,Never,3,2,2,3,1,H2W,F,R,1,5,1,6
28,32,Male,Never,Never,3,2,2,3,1,W2F,V,R,1,5,1,5
28,32,Male,Never,Never,3,2,2,3,1,H2F,V,P,1,7,1,5
28,32,Male,Never,Never,3,2,2,3,1,W2H,C,P,1,10,1,3
28,32,Male,Never,Never,3,2,2,3,1,H2W,V,P,1,5,1,4
28,32,Male,Never,Never,3,2,2,3,1,W2F,V,P,1,5,1,3
28,32,Male,Never,Never,3,2,2,3,1,H2F,F,R,1,7,1,2
28,32,Male,Never,Never,3,2,2,3,1,W2H,B,L,1,10,1,10
28,32,Male,Never,Never,3,2,2,3,1,H2W,V,R,1,5,1,5
28,32,Male,Never,Never,3,2,2,3,1,W2F,F,R,1,5,1,3
28,32,Male,Never,Never,3,2,2,3,1,H2F,F,P,1,7,1,8
28,32,Male,Never,Never,3,2,2,3,1,W2H,C,R,1,10,1,5
28,32,Male,Never,Never,3,2,2,3,1,H2W,F,P,1,5,1,8
28,32,Male,Never,Never,3,2,2,3,1,W2F,C,P,1,5,1,3
28,32,Male,Never,Never,3,2,2,3,1,H2F,C,P,1,7,1,5
28,32,Male,Never,Never,3,2,2,3,1,W2H,F,R,1,10,1,12
28,32,Male,Never,Never,3,2,2,3,1,H2W,C,R,1,5,1,8
28,32,Male,Never,Never,3,2,2,3,1,W2F,B,L,1,5,1,5
28,32,Male,Never,Never,3,2,2,3,1,H2F,C,R,1,7,1,6